"ID","Sequence","SeqMatch","UniprotName","UniprotID","SeqSimilarity","family"
"41_654_666","LDGENIYIRHSNL","LDGENIYIRHSNL","EPB41","P11171",1.0,"PTK"
"ACHD_383_395","YISKAEEYFLLKS","YISKAEEYFLLKS","CHRND","Q07001",1.0,"PTK"
"ACM1_444_456","KIPKRPGSVHRTP","KIPKRPGSVHRTP","CHRM1","P11229",1.0,"STK"
"ACM4_456_468","CNATFKKTFRHLL","CNATFKKTFRHLL","CHRM4","P08173",1.0,"STK"
"ADDB_696_708","GSPSKSPSKKKKK","GSPSKSPSKKKKK","ADD2","P35612",1.0,"STK"
"ADDB_696_708","GSPSKSPSKKKKK","GSPSKSPSKKKKK","ADD3","Q9UEY8",1.0,"STK"
"ADDB_696_708","GSPSKSPSKKKKK","GSPGKSPSKKKKK","ADD1","P35611",0.91,"STK"
"ADDB_706_718","KKKFRTPSFLKKS","KKKFRTPSFLKKS","ADD1","P35611",1.0,"STK"
"ADDB_706_718","KKKFRTPSFLKKS","KKKFRTPSFLKKS","ADD2","P35612",1.0,"STK"
"ADDB_706_718","KKKFRTPSFLKKS","KKKFRTPSFLKK","ADD3","Q9UEY8",0.94,"STK"
"ADRB2_338_350","ELLCLRRSSLKAY","ELLCLRRSSLKAY","ADRB2","P07550",1.0,"STK"
"AKT1_170_182","KATGRYYAMKILK","KATGRYYAMKILK","AKT1","P31749",1.0,"PTK"
"AKT1_170_182","KATGRYYAMKILK","KATGRYYAMKIL","AKT2","P31751",0.93,"PTK"
"AKT1_301_313","KDGATMKTFCGTP","KDGATMKTFCGTP","AKT1","P31749",1.0,"STK"
"AKT1_301_313","KDGATMKTFCGTP","DGATMKTFCGTP","AKT2","P31751",0.93,"STK"
"AKT1_309_321_C310S","FSGTPEYLAPEVL","FCGTPEYLAPEVL","AKT2","P31751",0.91,"PTK"
"AKT1_309_321_C310S","FSGTPEYLAPEVL","FCGTPEYLAPEVL","AKT1","P31749",0.91,"PTK"
"AKT1_309_321_C310S","FSGTPEYLAPEVL","FCGTPEYLAPEVL","AKT3","Q9Y243",0.91,"PTK"
"AKT1_320_332","VLEDNDYGRAVDW","VLEDNDYGRAVDW","AKT2","P31751",1.0,"PTK"
"AKT1_320_332","VLEDNDYGRAVDW","VLEDNDYGRAVDW","AKT1","P31749",1.0,"PTK"
"AKT1_320_332","VLEDNDYGRAVDW","VLEDNDYGRAVDW","AKT3","Q9Y243",1.0,"PTK"
"ANDR_785_797","VRMRHLSQEFGWL","VRMRHLSQEFGWL","AR","P10275",1.0,"STK"
"ANXA1_14_26","IENEEQEYVQTVK","IENEEQEYVQTVK","ANXA1","P04083",1.0,"PTK"
"ANXA1_209_221","AGERRKGTDVNVF","AGERRKGTDVNVF","ANXA1","P04083",1.0,"STK"
"ANXA2_17_29","HSTPPSAYGSVKA","HSTPPSAYGSVKA","ANXA2P2","A6NMY6",1.0,"PTK"
"ANXA2_17_29","HSTPPSAYGSVKA","HSTPPSAYGSVKA","ANXA2","P07355",1.0,"PTK"
"ARAF_297_307","RDSGYYWEVPP","RDSGYYWEVPP","ARAF","P10398",1.0,"PTK"
"ATF2_47_59","VADQTPTPTRFLK","VADQTPTPTRFLK","ATF2","P15336",1.0,"STK"
"ATF2_47_59","VADQTPTPTRFLK","IADQTPTPTRFLK","ATF7","P17544",0.95,"STK"
"ATM_1972_1984","KRSLAFEEGSQST","KRSLAFEEGSQST","ATM","Q13315",1.0,"STK"
"B3AT_39_51","TEATATDYHTTSH","TEATATDYHTTSH","SLC4A1","P02730",1.0,"PTK"
"BAD_112_124","RELRRMSDEFVDS","RELRRMSDEFVDS","BAD","Q92934",1.0,"STK"
"BAD_69_81","IRSRHSSYPAGTE","IRSRHSSYPAGTE","BAD","Q92934",1.0,"STK"
"BAD_93_105","FRGRSRSAPPNLW","FRGRSRSAPPNLW","BAD","Q92934",1.0,"STK"
"BCKD_45_57","ERSKTVTSFYNQS","ERSKTVTSFYNQS","BCKDK","O14874",1.0,"STK"
"BRCA1_1451_1463","EKAVLTSQKSSEY","EKAVLTSQKSSEY","BRCA1","P38398",1.0,"STK"
"BTLA_252_262","KPGIVYASLNH","KPGIVYASLNH","BTLA","Q7Z6A9",1.0,"PTK"
"C1R_199_211","TEASGYISSLEYP","TEASGYISSLEYP","C1R","P00736",1.0,"PTK"
"C1R_201_213","ASGYISSLEYPRS","ASGYISSLEYPRS","C1R","P00736",1.0,"STK"
"CAC1C_1974_1986","ASLGRRASFHLEC","ASLGRRASFHLEC","CACNA1C","Q13936",1.0,"STK"
"CALM_93_105","FDKDGNGYISAAE","FDKDGNGYISAAE","CALM3","P0DP25",1.0,"PTK"
"CALM_93_105","FDKDGNGYISAAE","FDKDGNGYISAAE","CALM2","P0DP24",1.0,"PTK"
"CALM_93_105","FDKDGNGYISAAE","FDKDGNGYISAAE","CALM1","P0DP23",1.0,"PTK"
"CALM_95_107","KDGNGYISAAELR","KDGNGYISAAELR","CALM3","P0DP25",1.0,"PTK"
"CALM_95_107","KDGNGYISAAELR","KDGNGYISAAELR","CALM2","P0DP24",1.0,"PTK"
"CALM_95_107","KDGNGYISAAELR","KDGNGYISAAELR","CALM1","P0DP23",1.0,"PTK"
"CBL_693_705","EGEEDTEYMTPSS","EGEEDTEYMTPSS","CBL","P22681",1.0,"PTK"
"CD27_212_224","HQRRKYRSNKGES","HQRRKYRSNKGES","CD27","P26842",1.0,"STK"
"CD28_185_197","RLLHSDYMNMTPR","RLLHSDYMNMTPR","CD28","P10747",1.0,"PTK"
"CD28_203_215","RKHYQPYAPPRDF","RKHYQPYAPPRDF","CD28","P10747",1.0,"PTK"
"CD3E_182_194","PVPNPDYEPIRKG","PVPNPDYEPIRKG","CD3E","P07766",1.0,"PTK"
"CD3E_193_205","KGQRDLYSGLNQR","KGQRDLYSGLNQR","CD3E","P07766",1.0,"PTK"
"CD3Z_105_117","NPQEGLYNELQKD","NPQEGLYNELQKD","CD247","P20963",1.0,"PTK"
"CD3Z_116_128","KDKMAEAYSEIGM","KDKMAEAYSEIGM","CD247","P20963",1.0,"PTK"
"CD3Z_117_129","DKMAEAYSEIGMK","DKMAEAYSEIGMK","CD247","P20963",1.0,"PTK"
"CD3Z_135_147","KGHDGLYQGLSTA","KGHDGLYQGLSTA","CD247","P20963",1.0,"PTK"
"CD3Z_146_158","STATKDTYDALHM","STATKDTYDALHM","CD247","P20963",1.0,"PTK"
"CD3Z_147_159","TATKDTYDALHMQ","TATKDTYDALHMQ","CD247","P20963",1.0,"PTK"
"CD3Z_77_89","LGRREEYDVLDKR","LGRREEYDVLDKR","CD247","P20963",1.0,"PTK"
"CD70_9_21_C17S","SVRRRPYGSVLRA","SVRRRPYGCVLRA","CD70","P32970",0.91,"PTK"
"CD79A_181_193","EYEDENLYEGLNL","EYEDENLYEGLNL","CD79A","P11912",1.0,"PTK"
"CDC2_154_169","GIPIRVYTHEVVTLWY","GIPIRVYTHEVVTLWY","CDK1","P06493",1.0,"STK"
"CDK1_9_21","KIGEGTYGVVYKG","KIGEGTYGVVYKG","CDK1","P06493",1.0,"PTK"
"CDK1_9_21","KIGEGTYGVVYKG","KIGEGTYGVVYK","CDK3","Q00526",0.94,"PTK"
"CDK1_9_21","KIGEGTYGVVYKG","KIGEGTYGVVYK","CDK2","P24941",0.94,"PTK"
"CDK2_8_20","EKIGEGTYGVVYK","EKIGEGTYGVVYK","CDK3","Q00526",1.0,"PTK"
"CDK2_8_20","EKIGEGTYGVVYK","EKIGEGTYGVVYK","CDK2","P24941",1.0,"PTK"
"CDK2_8_20","EKIGEGTYGVVYK","EKIGEGTYGVVYK","CDK1","P06493",1.0,"PTK"
"CDK4_11_23","EIGVGAYGTVYKA","EIGVGAYGTVYKA","CDK4","P11802",1.0,"PTK"
"CDK7_157_169","GLAKSFGSPNRAY","GLAKSFGSPNRAY","CDK7","P50613",1.0,"PTK"
"CDK7_163_175","GSPNRAYTHQVVT","GSPNRAYTHQVVT","CDK7","P50613",1.0,"STK"
"CDN1A_139_151","GRKRRQTSMTDFY","GRKRRQTSMTDFY","CDKN1A","P38936",1.0,"STK"
"CDN1B_151_163","IRKRPATDDSSTQ","IRKRPATDDSSTQ","CDKN1B","P46527",1.0,"STK"
"CENPA_1_14","MGPRRRSRKPEAPR","MGPRRRSRKPEAPR","CENPA","P49450",1.0,"STK"
"CFTR_730_742","EPLERRLSLVPDS","EPLERRLSLVPDS","CFTR","P13569",1.0,"STK"
"CFTR_761_773","LQARRRQSVLNLM","LQARRRQSVLNLM","CFTR","P13569",1.0,"STK"
"CGHB_109_121","QCALCRRSTTDCG","QCALCRRSTTDCG","CGB1","A6NKQ9",1.0,"STK"
"CGHB_109_121","QCALCRRSTTDCG","QCALCRRSTTDCG","CGB3","P0DN86",1.0,"STK"
"COF1_17_29","DMKVRKSSTPEEV","DMKVRKSSTPEEV","CFL1","P23528",1.0,"STK"
"CREB1_126_138","EILSRRPSYRKIL","EILSRRPSYRKIL","CREB1","P16220",1.0,"STK"
"CSF1R_701_713","NIHLEKKYVRRDS","NIHLEKKYVRRDS","CSF1R","P07333",1.0,"STK"
"CSK21_355_367","ISSVPTPSPLGPL","ISSVPTPSPLGPL","CSNK2A1","P68400",1.0,"STK"
"CTNB1_79_91","VADIDGQYAMTRA","VADIDGQYAMTRA","CTNNB1","P35222",1.0,"PTK"
"DCX_109_121","GIVYAVSSDRFRS","GIVYAVSSDRFRS","DCX","O43602",1.0,"PTK"
"DDR1_506_518","LLLSNPAYRLLLA","LLLSNPAYRLLLA","DDR1","Q08345",1.0,"PTK"
"DESP_2842_2854","RSGSRRGSFDATG","RSGSRRGSFDATG","DSP","P15924",1.0,"STK"
"DESP_2842_2854","RSGSRRGSFDATG","RAGSRRGSFDATG","PLEC","Q15149",0.93,"STK"
"DYR1A_212_224","KHDTEMKYYIVHL","KHDTEMKYYIVHL","DYRK1A","Q13627",1.0,"PTK"
"DYR1A_212_224","KHDTEMKYYIVHL","HDTEMKYYIVHL","DYRK1B","Q9Y463",0.94,"PTK"
"DYR1A_312_324","CQLGQRIYQYIQS","CQLGQRIYQYIQS","DYRK1A","Q13627",1.0,"PTK"
"DYR1A_312_324","CQLGQRIYQYIQS","CQLGQRIYQYIQS","DYRK1B","Q9Y463",1.0,"PTK"
"EFS_246_258","GGTDEGIYDVPLL","GGTDEGIYDVPLL","EFS","O43281",1.0,"PTK"
"EGFR_1062_1074","EDSFLQRYSSDPT","EDSFLQRYSSDPT","EGFR","P00533",1.0,"PTK"
"EGFR_1103_1115","GSVQNPVYHNQPL","GSVQNPVYHNQPL","EGFR","P00533",1.0,"PTK"
"EGFR_1118_1130","APSRDPHYQDPHS","APSRDPHYQDPHS","EGFR","P00533",1.0,"PTK"
"EGFR_1165_1177","ISLDNPDYQQDFF","ISLDNPDYQQDFF","EGFR","P00533",1.0,"PTK"
"EGFR_1190_1202","STAENAEYLRVAP","STAENAEYLRVAP","EGFR","P00533",1.0,"PTK"
"EGFR_862_874","LGAEEKEYHAEGG","LGAEEKEYHAEGG","EGFR","P00533",1.0,"PTK"
"EGFR_908_920","MTFGSKPYDGIPA","MTFGSKPYDGIPA","EGFR","P00533",1.0,"PTK"
"EGFR_908_920","MTFGSKPYDGIPA","MTFGAKPYDGIPA","ERBB2","P04626",0.94,"PTK"
"ELK1_356_368","LLPTHTLTPVLLT","LLPTHTLTPVLLT","ELK1","P19419",1.0,"STK"
"ELK1_410_422","ISVDGLSTPVVLS","ISVDGLSTPVVLS","ELK1","P19419",1.0,"STK"
"ENOG_37_49","SGASTGIYEALEL","SGASTGIYEALEL","ENO2","P09104",1.0,"PTK"
"ENOG_37_49","SGASTGIYEALEL","SGASTGIYEALEL","ENO3","P13929",1.0,"PTK"
"ENOG_37_49","SGASTGIYEALEL","SGASTGIYEALEL","ENO1","P06733",1.0,"PTK"
"EPB42_241_253","LLNKRRGSVPILR","LLNKRRGSVPILR","EPB42","P16452",1.0,"STK"
"EPHA1_774_786","LDDFDGTYETQGG","LDDFDGTYETQGG","EPHA1","P21709",1.0,"PTK"
"EPHA2_581_593","QLKPLKTYVDPHT","QLKPLKTYVDPHT","EPHA2","P29317",1.0,"PTK"
"EPHA2_765_777","EDDPEATYTTSGG","EDDPEATYTTSGG","EPHA2","P29317",1.0,"PTK"
"EPHA4_589_601","LNQGVRTYVDPFT","LNQGVRTYVDPFT","EPHA4","P54764",1.0,"PTK"
"EPHA4_921_933","QAIKMDRYKDNFT","QAIKMDRYKDNFT","EPHA4","P54764",1.0,"PTK"
"EPHA4_921_933","QAIKMDRYKDNFT","QAIKMERYKDNFT","EPHA7","Q15375",0.94,"PTK"
"EPHA7_607_619","TYIDPETYEDPNR","TYIDPETYEDPNR","EPHA7","Q15375",1.0,"PTK"
"EPHB1_771_783","DDTSDPTYTSSLG","DDTSDPTYTSSLG","EPHB1","P54762",1.0,"PTK"
"EPHB1_771_783","DDTSDPTYTSSLG","DDTSDPTYTSALG","EPHB2","P29323",0.94,"PTK"
"EPHB1_921_933","SAIKMVQYRDSFL","SAIKMVQYRDSFL","EPHB1","P54762",1.0,"PTK"
"EPHB4_583_595","IGHGTKVYIDPFT","IGHGTKVYIDPFT","EPHB4","P54760",1.0,"PTK"
"EPOR_361_373","SEHAQDTYLVLDK","SEHAQDTYLVLDK","EPOR","P19235",1.0,"PTK"
"EPOR_419_431","ASAASFEYTILDP","ASAASFEYTILDP","EPOR","P19235",1.0,"PTK"
"ERBB2_1241_1253","PTAENPEYLGLDV","PTAENPEYLGLDV","ERBB2","P04626",1.0,"PTK"
"ERBB2_679_691","QQKIRKYTMRRLL","QQKIRKYTMRRLL","ERBB2","P04626",1.0,"STK"
"ERBB2_870_882","LDIDETEYHADGG","LDIDETEYHADGG","ERBB2","P04626",1.0,"PTK"
"ERBB3_1283_1295","PASEQGYEEMRAF","PASEQGYEEMRAF","ERBB3","P21860",1.0,"PTK"
"ERBB4_1181_1193","QALDNPEYHNASN","QALDNPEYHNASN","ERBB4","Q15303",1.0,"PTK"
"ERBB4_1277_1289","IVAENPEYLSEFS","IVAENPEYLSEFS","ERBB4","Q15303",1.0,"PTK"
"ERF_519_531","GEAGGPLTPRRVS","GEAGGPLTPRRVS","ERF","P50548",1.0,"STK"
"ESR1_160_172","GGRERLASTNDKG","GGRERLASTNDKG","ESR1","P03372",1.0,"STK"
"F263_454_466","NPLMRRNSVTPLA","NPLMRRNSVTPLA","PFKFB3","Q16875",1.0,"STK"
"FABPH_13_25","DSKNFDDYMKSLG","DSKNFDDYMKSLG","FABP3","P05413",1.0,"PTK"
"FAK1_569_581","RYMEDSTYYKASK","RYMEDSTYYKASK","PTK2","Q05397",1.0,"PTK"
"FAK2_572_584","RYIEDEDYYKASV","RYIEDEDYYKASV","PTK2B","Q14289",1.0,"PTK"
"FER_707_719","RQEDGGVYSSSGL","RQEDGGVYSSSGL","FER","P16591",1.0,"PTK"
"FES_706_718","REEADGVYAASGG","REEADGVYAASGG","FES","P07332",1.0,"PTK"
"FGFR1_761_773","TSNQEYLDLSMPL","TSNQEYLDLSMPL","FGFR1","P11362",1.0,"PTK"
"FGFR2_762_774","TLTTNEEYLDLSQ","TLTTNEEYLDLSQ","FGFR2","P21802",1.0,"PTK"
"FGFR3_641_653","DVHNLDYYKKTTN","DVHNLDYYKKTTN","FGFR3","P22607",1.0,"PTK"
"FGFR3_753_765","TVTSTDEYLDLSA","TVTSTDEYLDLSA","FGFR3","P22607",1.0,"PTK"
"FIBA_569_581","EFPSRGKSSSYSK","EFPSRGKSSSYSK","FGA","P02671",1.0,"STK"
"FOXO3_25_37","QSRPRSCTWPLQR","QSRPRSCTWPLQR","FOXO3","O43524",1.0,"STK"
"FOXO3_25_37","QSRPRSCTWPLQR","QSRPRSCTWPLQR","FOXO3B","A0A2Z4LIS9",1.0,"STK"
"FOXO3_25_37","QSRPRSCTWPLQR","QSRPRSCTWPLPR","FOXO4","P98177",0.9,"STK"
"FRAP_2443_2455","RTRTDSYSAGQSV","RTRTDSYSAGQSV","MTOR","P42345",1.0,"STK"
"FRAP_2475_2487","VPESIHSFIGDGL","VPESIHSFIGDGL","MTOR","P42345",1.0,"STK"
"FRK_380_392","KVDNEDIYESRHE","KVDNEDIYESRHE","FRK","P42685",1.0,"PTK"
"FYN_525_537","TATEPQYQPGENL","TATEPQYQPGENL","YES1","P07947",1.0,"PTK"
"FYN_525_537","TATEPQYQPGENL","TATEPQYQPGENL","FYN","P06241",1.0,"PTK"
"FYN_525_537","TATEPQYQPGENL","TSTEPQYQPGENL","SRC","P12931",0.94,"PTK"
"GAB1_622_632","DKQVEYLDLDL","DKQVEYLDLDL","GAB1","Q13480",1.0,"PTK"
"GAB2_638_648","DEKVDYVQVDK","DEKVDYVQVDK","GAB2","Q9UQC2",1.0,"PTK"
"GPR6_349_361","QSKVPFRSRSPSE","QSKVPFRSRSPSE","GPR6","P46095",1.0,"STK"
"GPSM2_394_406","PKLGRRHSMENME","PKLGRRHSMENME","GPSM2","P81274",1.0,"STK"
"GRIK2_708_720","FMSSRRQSVLVKS","FMSSRRQSVLVKS","GRIK2","Q13002",1.0,"STK"
"GSK3B_210_222_C218S","GEPNVSYISSRYY","GEPNVSYICSRYY","GSK3A","P49840",0.91,"PTK"
"GSK3B_210_222_C218S","GEPNVSYISSRYY","GEPNVSYICSRYY","GSK3B","P49841",0.91,"PTK"
"GSUB_61_73","KKPRRKDTPALHI","KKPRRKDTPALHI","PPP1R17","O96001",1.0,"STK"
"GSUB_61_73","KKPRRKDTPALHI","KKPRRKDTPALH","PPP1R17","O96001",0.92,"STK"
"GYS2_1_13","MLRGRSLSVTSLG","MLRGRSLSVTSLG","GYS2","P54840",1.0,"STK"
"H2B1B_ 27_40","GKKRKRSRKESYSI","GKKRKRSRKESYSI","H2BC20P","Q6DN03",1.0,"STK"
"H2B1B_ 27_40","GKKRKRSRKESYSI","GKKRKRSRKESYSI","H2BC19P","Q6DRA6",1.0,"STK"
"H2B1B_ 27_40","GKKRKRSRKESYSI","GKKRKRSRKESYSI","H2BC21","Q16778",1.0,"STK"
"H2B1B_ 27_40","GKKRKRSRKESYSI","GKKRKRSRKESYSI","H2BC17","P23527",1.0,"STK"
"H2B1B_ 27_40","GKKRKRSRKESYSI","GKKRKRSRKESYSI","H2BC11","P06899",1.0,"STK"
"H2B1B_ 27_40","GKKRKRSRKESYSI","GKKRKRSRKESYSI","H2BC3","P33778",1.0,"STK"
"H2B1B_ 27_40","GKKRKRSRKESYSI","GKKRKRTRKESYSI","H2BC1","Q96A08",0.94,"STK"
"H2B1B_ 27_40","GKKRKRSRKESYSI","GKKRKRSRKESYSV","H2BC18","Q5QNW6",0.94,"STK"
"H2B1B_ 27_40","GKKRKRSRKESYSI","GKKRKRSRKESYSV","H2BC15","Q99877",0.94,"STK"
"H2B1B_ 27_40","GKKRKRSRKESYSI","GKKRKRSRKESYSV","H2BC14","Q99879",0.94,"STK"
"H2B1B_ 27_40","GKKRKRSRKESYSI","GKKRKRSRKESYSV","H2BC13","Q99880",0.94,"STK"
"H2B1B_ 27_40","GKKRKRSRKESYSI","GKKRKRSRKESYSV","H2BC12","O60814",0.94,"STK"
"H2B1B_ 27_40","GKKRKRSRKESYSI","GKKRKRSRKESYSV","H2BC9","Q93079",0.94,"STK"
"H2B1B_ 27_40","GKKRKRSRKESYSI","GKKRKRSRKESYSV","H2BC5","P58876",0.94,"STK"
"H2B1B_ 27_40","GKKRKRSRKESYSI","GKKRKRSRKESYSV","H2BC4","P62807",0.94,"STK"
"H2B1B_ 27_40","GKKRKRSRKESYSI","GKKRKRGRKESYSI","H2BC26","Q8N257",0.92,"STK"
"H32_3_18","RTKQTARKSTGGKAPR","RTKQTARKSTGGKAPR","H3-3A","P84243",1.0,"STK"
"H32_3_18","RTKQTARKSTGGKAPR","RTKQTARKSTGGKAPR","H3C15","Q71DI3",1.0,"STK"
"H32_3_18","RTKQTARKSTGGKAPR","RTKQTARKSTGGKAPR","H3C1","P68431",1.0,"STK"
"H32_3_18","RTKQTARKSTGGKAPR","RTKQTARKSTGGKAPR","H3-4","Q16695",1.0,"STK"
"H32_3_18","RTKQTARKSTGGKAPR","RTKQTARKSTGGKAPR","H3-5","Q6NXT2",1.0,"STK"
"HAVR2_257_267","GIRSEENIYTI","GIRSEENIYTI","HAVCR2","Q8TDQ0",1.0,"PTK"
"HAVR2_257_267_G257K","KIRSEENIYTI","IRSEENIYTI","HAVCR2","Q8TDQ0",0.92,"PTK"
"IF4E_203_215","TATKSGSTTKNRF","TATKSGSTTKNRF","EIF4E","P06730",1.0,"STK"
"IKBA_26_38","LDDRHDSGLDSMK","LDDRHDSGLDSMK","NFKBIA","P25963",1.0,"STK"
"IKKB_686_698","QLMSQPSTASNSL","QLMSQPSTASNSL","IKBKB","O14920",1.0,"STK"
"INSR_1348_1360","SLGFKRSYEEHIP","SLGFKRSYEEHIP","INSR","P06213",1.0,"PTK"
"INSR_992_1004","YASSNPEYLSASD","YASSNPEYLSASD","INSR","P06213",1.0,"PTK"
"IRS1_890_902","PKSPGEYVNIEFG","PKSPGEYVNIEFG","IRS1","P35568",1.0,"PTK"
"IRS1_890_902_P890K","KKSPGEYVNIEFG","KSPGEYVNIEFG","IRS1","P35568",0.93,"PTK"
"IRS2_626_638","HPYPEDYGDIEIG","HPYPEDYGDIEIG","IRS2","Q9Y4H2",1.0,"PTK"
"JAK1_1015_1027","AIETDKEYYTVKD","AIETDKEYYTVKD","JAK1","P23458",1.0,"PTK"
"JAK1_214_226","DISYKRYIPETLN","DISYKRYIPETLN","JAK1","P23458",1.0,"PTK"
"JAK2_1001_1013","LPQDKEYYKVKEP","LPQDKEYYKVKEP","JAK2","O60674",1.0,"PTK"
"JAK2_563_577","VRREVGDYGQLHETE","VRREVGDYGQLHETE","JAK2","O60674",1.0,"PTK"
"JAK3_974_986","LPLDKDYYVVREP","LPLDKDYYVVREP","JAK3","P52333",1.0,"PTK"
"K2C6B_53_65","GAGFGSRSLYGLG","GAGFGSRSLYGLG","KRT6C","P48668",1.0,"PTK"
"K2C6B_53_65","GAGFGSRSLYGLG","GAGFGSRSLYGLG","KRT6B","P04259",1.0,"PTK"
"K2C6B_53_65","GAGFGSRSLYGLG","GAGFGSRSLYGLG","KRT6A","P02538",1.0,"PTK"
"K2C6B_53_65","GAGFGSRSLYGLG","GAGFGSRSLYSLG","KRT74","Q7RTS7",0.91,"PTK"
"K2C8_425_437","SAYGGLTSPGLSY","SAYGGLTSPGLSY","KRT8","P05787",1.0,"PTK"
"K6PL_766_778","LEHVTRRTLSMDK","LEHVTRRTLSMDK","PFKL","P17858",1.0,"STK"
"KAP2_92_104","SRFNRRVSVCAET","SRFNRRVSVCAET","PRKAR2A","P13861",1.0,"STK"
"KAP3_107_119","NRFTRRASVCAEA","NRFTRRASVCAEA","PRKAR2B","P31323",1.0,"STK"
"KAPCG_192_206","VKGRTWTLCGTPEYL","VKGRTWTLCGTPEYL","PRKACG","P22612",1.0,"STK"
"KAPCG_192_206","VKGRTWTLCGTPEYL","VKGRTWTLCGTPEYL","PRKACB","P22694",1.0,"STK"
"KAPCG_192_206","VKGRTWTLCGTPEYL","VKGRTWTLCGTPEYL","PRKACA","P17612",1.0,"STK"
"KCC2G_278_289","VASMMHRQETVE","VASMMHRQETVE","CAMK2B","Q13554",1.0,"STK"
"KCC2G_278_289","VASMMHRQETVE","VASMMHRQETVE","CAMK2G","Q13555",1.0,"STK"
"KCC2G_278_289","VASMMHRQETVE","VASMMHRQETVD","CAMK2D","Q13557",0.94,"STK"
"KCNA1_438_450","DSDLSRRSSSTMS","DSDLSRRSSSTMS","KCNA1","Q09470",1.0,"STK"
"KCNA2_442_454","PDLKKSRSASTIS","PDLKKSRSASTIS","KCNA2","P16389",1.0,"STK"
"KCNA3_461_473","EELRKARSNSTLS","EELRKARSNSTLS","KCNA3","P22001",1.0,"STK"
"KCNA6_504_516","ANRERRPSYLPTP","ANRERRPSYLPTP","KCNA6","P17658",1.0,"STK"
"KCNB1_489_501","KWTKRTLSETSSS","KWTKRTLSETSSS","KCNB1","Q14721",1.0,"STK"
"KIF11_919_931","LDIPTGTTPQRKS","LDIPTGTTPQRKS","KIF11","P52732",1.0,"STK"
"KIF2C_105_118_S106G","EGLRSRSTRMSTVS","ESLRSRSTRMSTVS","KIF2C","Q99661",0.92,"STK"
"KIT_930_942_C942S","ESTNHIYSNLANS","ESTNHIYSNLAN","KIT","P10721",0.94,"PTK"
"KPB1_1011_1023","QVEFRRLSISAES","QVEFRRLSISAES","PHKA1","P46020",1.0,"STK"
"KS6A1_374_386","QLFRGFSFVATGL","QLFRGFSFVATGL","RPS6KA1","Q15418",1.0,"STK"
"KSYK_518_530","ALRADENYYKAQT","ALRADENYYKAQT","SYK","P43405",1.0,"PTK"
"LAT_194_206","MESIDDYVNVPES","MESIDDYVNVPES","LAT","O43561",1.0,"PTK"
"LAT_249_261","EEGAPDYENLQEL","EEGAPDYENLQEL","LAT","O43561",1.0,"PTK"
"LCK_387_399","RLIEDNEYTAREG","RLIEDNEYTAREG","LCK","P06239",1.0,"PTK"
"LCK_387_399","RLIEDNEYTAREG","RLIEDNEYTARQG","YES1","P07947",0.93,"PTK"
"LCK_387_399","RLIEDNEYTAREG","RLIEDNEYTARQG","FYN","P06241",0.93,"PTK"
"LCK_387_399","RLIEDNEYTAREG","RLIEDNEYTARQG","SRC","P12931",0.93,"PTK"
"LCK_387_399","RLIEDNEYTAREG","RVIEDNEYTAREG","HCK","P08631",0.91,"PTK"
"LCK_387_399","RLIEDNEYTAREG","RVIEDNEYTAREG","LYN","P07948",0.91,"PTK"
"LIPS_944_956","GFHPRRSSQGATQ","GFHPRRSSQGATQ","LIPE","Q05469",1.0,"STK"
"LMNA_192_204","DAENRLQTMKEEL","DAENRLQTMKEEL","LMNA","P02545",1.0,"STK"
"LMNB1_16_28","GGPTTPLSPTRLS","GGPTTPLSPTRLS","LMNB1","P20700",1.0,"STK"
"LMNB1_16_28","GGPTTPLSPTRLS","GGPATPLSPTRLS","LMNB2","Q03252",0.91,"STK"
"LYN_391_403","VIEDNEYTAREGA","VIEDNEYTAREGA","HCK","P08631",1.0,"PTK"
"LYN_391_403","VIEDNEYTAREGA","VIEDNEYTAREGA","LYN","P07948",1.0,"PTK"
"LYN_391_403","VIEDNEYTAREGA","IEDNEYTAREGA","LCK","P06239",0.93,"PTK"
"LYN_501_512","YTATEGQYQQQP","YTATEGQYQQQP","LYN","P07948",1.0,"PTK"
"LYN_501_512","YTATEGQYQQQP","YTATESQYQQQP","HCK","P08631",0.91,"PTK"
"MAPK3_198_210_C203S","ALQTPSYTPYYVA","ALQTPCYTPYYVA","MAPKAPK3","Q16644",0.91,"PTK"
"MARCS_152_164","KKKKKRFSFKKSF","KKKKKRFSFKKSF","MARCKS","P29966",1.0,"STK"
"MARCS_160_172","FKKSFKLSGFSFK","FKKSFKLSGFSFK","MARCKS","P29966",1.0,"STK"
"MBP_198_210","ARTAHYGSLPQKS","ARTAHYGSLPQKS","MBP","P02686",1.0,"PTK"
"MBP_222_234","HFFKNIVTPRTPP","HFFKNIVTPRTPP","MBP","P02686",1.0,"STK"
"MBP_259_271","FGYGGRASDYKSA","FGYGGRASDYKSA","MBP","P02686",1.0,"PTK"
"MBP_263_275","GRASDYKSAHKGF","GRASDYKSAHKGF","MBP","P02686",1.0,"PTK"
"MET_1227_1239","RDMYDKEYYSVHN","RDMYDKEYYSVHN","MET","P08581",1.0,"PTK"
"MET_1228_1240","DMYDKEYYSVHNK","DMYDKEYYSVHNK","MET","P08581",1.0,"PTK"
"MK01_180_192","HTGFLTEYVATRW","HTGFLTEYVATRW","MAPK3","P27361",1.0,"PTK"
"MK01_180_192","HTGFLTEYVATRW","HTGFLTEYVATRW","MAPK1","P28482",1.0,"PTK"
"MK01_198_210","IMLNSKGYTKSID","IMLNSKGYTKSID","MAPK1","P28482",1.0,"PTK"
"MK01_200_209","LNSKGYTKSI","LNSKGYTKSI","MAPK1","P28482",1.0,"PTK"
"MK03_199_208","GFLTEYVATR","GFLTEYVATR","MAPK3","P27361",1.0,"PTK"
"MK03_199_208","GFLTEYVATR","GFLTEYVATR","MAPK1","P28482",1.0,"PTK"
"MK07_211_223","AEHQYFMTEYVAT","AEHQYFMTEYVAT","MAPK7","Q13164",1.0,"PTK"
"MK08_181_191","MMTPYVVTRYY","MMTPYVVTRYY","MAPK10","P53779",1.0,"PTK"
"MK08_181_191","MMTPYVVTRYY","MMTPYVVTRYY","MAPK8","P45983",1.0,"PTK"
"MK08_181_191","MMTPYVVTRYY","MMTPYVVTRYY","MAPK9","P45984",1.0,"PTK"
"MK10_214_226","AGTSFMMTPYVVT","AGTSFMMTPYVVT","MAPK10","P53779",1.0,"STK"
"MK10_214_226","AGTSFMMTPYVVT","AGTSFMMTPYVVT","MAPK8","P45983",1.0,"STK"
"MK10_216_228","TSFMMTPYVVTRY","TSFMMTPYVVTRY","MAPK10","P53779",1.0,"PTK"
"MK10_216_228","TSFMMTPYVVTRY","TSFMMTPYVVTRY","MAPK8","P45983",1.0,"PTK"
"MK10_216_228","TSFMMTPYVVTRY","TNFMMTPYVVTRY","MAPK9","P45984",0.94,"PTK"
"MK12_178_190","ADSEMTGYVVTRW","ADSEMTGYVVTRW","MAPK12","P53778",1.0,"PTK"
"MK12_178_190","ADSEMTGYVVTRW","ADAEMTGYVVTRW","MAPK13","O15264",0.94,"PTK"
"MK14_173_185","RHTDDEMTGYVAT","RHTDDEMTGYVAT","MAPK14","Q16539",1.0,"PTK"
"MK14_177_187","DEMTGYVATRW","DEMTGYVATRW","MAPK14","Q16539",1.0,"PTK"
"MK14_177_187","DEMTGYVATRW","EEMTGYVATRW","MAPK11","Q15759",0.93,"PTK"
"MP2K1_281_293","GDAAETPPRPRTP","GDAAETPPRPRTP","MAP2K1","Q02750",1.0,"STK"
"MP2K1_287_299","PPRPRTPGRPLSS","PPRPRTPGRPLSS","MAP2K1","Q02750",1.0,"STK"
"MPH6_140_152","EDENGDITPIKAK","EDENGDITPIKAK","MPHOSPH6","Q99547",1.0,"STK"
"MPIP1_172_184","FTQRQNSAPARML","FTQRQNSAPARML","CDC25A","P30304",1.0,"STK"
"MPIP3_208_220","RSGLYRSPSMPEN","RSGLYRSPSMPEN","CDC25C","P30307",1.0,"STK"
"MPZL1_236_246","QGPVIYAQLDH","QGPVIYAQLDH","MPZL1","O95297",1.0,"PTK"
"MUSK_548_560","LHPNPMYQRMPLL","LHPNPMYQRMPLL","MUSK","O15146",1.0,"PTK"
"MYBB_513_525","DNTPHTPTPFKNA","DNTPHTPTPFKNA","MYBL2","P10244",1.0,"STK"
"MYC_51_63","KKFELLPTPPLSP","KKFELLPTPPLSP","MYCN","P04198",1.0,"STK"
"MYC_51_63","KKFELLPTPPLSP","KKFELLPTPPLSP","MYC","P01106",1.0,"STK"
"MYPC3_268_280","LSAFRRTSLAGGG","LSAFRRTSLAGGG","MYBPC3","Q14896",1.0,"STK"
"NCF1_296_308","RGAPPRRSSIRNA","RGAPPRRSSIRNA","NCF1","P14598",1.0,"STK"
"NCF1_296_308","RGAPPRRSSIRNA","RGAPPRRSSIRNA","NCF1C","A8MVU1",1.0,"STK"
"NCF1_296_308","RGAPPRRSSIRNA","RGAPPRRSSIRN","NCF1B","A6NI72",0.94,"STK"
"NCF1_313_325","QRSRKRLSQDAYR","QRSRKRLSQDAYR","NCF1B","A6NI72",1.0,"PTK"
"NCF1_313_325","QRSRKRLSQDAYR","QRSRKRLSQDAYR","NCF1","P14598",1.0,"PTK"
"NCF1_313_325","QRSRKRLSQDAYR","QRSRKRLSQDAYR","NCF1C","A8MVU1",1.0,"PTK"
"NCF1_321_333","QDAYRRNSVRFLQ","QDAYRRNSVRFLQ","NCF1B","A6NI72",1.0,"STK"
"NCF1_321_333","QDAYRRNSVRFLQ","QDAYRRNSVRFLQ","NCF1","P14598",1.0,"STK"
"NCF1_321_333","QDAYRRNSVRFLQ","QDAYRRNSVRFLQ","NCF1C","A8MVU1",1.0,"STK"
"NEK2_172_184","FAKTFVGTPYYMS","FAKTFVGTPYYMS","NEK2","P51955",1.0,"STK"
"NEK3_158_170","FACTYVGTPYYVP","FACTYVGTPYYVP","NEK3","P51956",1.0,"STK"
"NFKB1_330_342","FVQLRRKSDLETS","FVQLRRKSDLETS","NFKB1","P19838",1.0,"STK"
"NMDZ1_890_902","SFKRRRSSKDTST","SFKRRRSSKDTST","GRIN1","Q05586",1.0,"STK"
"NOS3_1171_1183","SRIRTQSFSLQER","SRIRTQSFSLQER","NOS3","P29474",1.0,"STK"
"NPT2A_501_513","AKALGKRTAKYRW","AKALGKRTAKYRW","SLC34A1","Q06495",1.0,"PTK"
"NR4A1_344_356","GRRGRLPSKPKQP","GRRGRLPSKPKQP","NR4A1","P22736",1.0,"STK"
"NTRK1_489_501","HIIENPQYFSDAC","HIIENPQYFSDAC","NTRK1","P04629",1.0,"PTK"
"NTRK2_509_521","PVIENPQYFGITN","PVIENPQYFGITN","NTRK2","Q16620",1.0,"PTK"
"NTRK2_696_708","GMSRDVYSTDYYR","GMSRDVYSTDYYR","NTRK3","Q16288",1.0,"PTK"
"NTRK2_696_708","GMSRDVYSTDYYR","GMSRDVYSTDYYR","NTRK2","Q16620",1.0,"PTK"
"NTRK2_696_708","GMSRDVYSTDYYR","GMSRDIYSTDYYR","NTRK1","P04629",0.95,"PTK"
"ODBA_340_352_D340K","KDSSAYRSVDEVN","DSSAYRSVDEVN","BCKDHA","P12694",0.93,"PTK"
"ODPAT_291_303","SMSDPGVSYRTRE","SMSDPGVSYRTRE","PDHA1","P08559",1.0,"PTK"
"ODPAT_291_303","SMSDPGVSYRTRE","SMSDPGVSYRTRE","PDHA2","P29803",1.0,"PTK"
"P53_12_24","PPLSQETFSDLWK","PPLSQETFSDLWK","TP53","P04637",1.0,"STK"
"P53_308_323","LPNNTSSSPQPKKKPL","LPNNTSSSPQPKKKPL","TP53","P04637",1.0,"STK"
"P85A_600_612","NENTEDQYSLVED","NENTEDQYSLVED","PIK3R1","P27986",1.0,"PTK"
"PAXI_111_123","VGEEEHVYSFPNK","VGEEEHVYSFPNK","PXN","P49023",1.0,"PTK"
"PAXI_24_36","FLSEETPYSYPTG","FLSEETPYSYPTG","PXN","P49023",1.0,"PTK"
"PDE5A_95_107","GTPTRKISASEFD","GTPTRKISASEFD","PDE5A","O76074",1.0,"STK"
"PDPK1_2_14","ARTTSQLYDAVPI","ARTTSQLYDAVPI","PDPK1","O15530",1.0,"PTK"
"PDPK1_27_39","SMVRTQTESSTPP","SMVRTQTESSTPP","PDPK1","O15530",1.0,"STK"
"PDPK1_27_39","SMVRTQTESSTPP","MVRTQTESSTPP","PDPK2P","Q6A1A2",0.94,"STK"
"PDPK1_369_381","DEDCYGNYDNLLS","DEDCYGNYDNLLS","PDPK1","O15530",1.0,"PTK"
"PECA1_706_718","KKDTETVYSEVRK","KKDTETVYSEVRK","PECAM1","P16284",1.0,"PTK"
"PECA1_708_718","DTETVYSEVRK","DTETVYSEVRK","PECAM1","P16284",1.0,"PTK"
"PERI_458_470","QRSELDKSSAHSY","QRSELDKSSAHSY","PRPH","P41219",1.0,"PTK"
"PGFRB_1002_1014","LDTSSVLYTAVQP","LDTSSVLYTAVQP","PDGFRB","P09619",1.0,"PTK"
"PGFRB_1014_1028","PNEGDNDYIIPLPDP","PNEGDNDYIIPLPDP","PDGFRB","P09619",1.0,"PTK"
"PGFRB_572_584","VSSDGHEYIYVDP","VSSDGHEYIYVDP","PDGFRB","P09619",1.0,"PTK"
"PGFRB_709_721","RPPSAELYSNALP","RPPSAELYSNALP","PDGFRB","P09619",1.0,"PTK"
"PGFRB_768_780","SSNYMAPYDNYVP","SSNYMAPYDNYVP","PDGFRB","P09619",1.0,"PTK"
"PGFRB_771_783","YMAPYDNYVPSAP","YMAPYDNYVPSAP","PDGFRB","P09619",1.0,"PTK"
"PLCG1_1246_1258","EGSFESRYQQPFE","EGSFESRYQQPFE","PLCG1","P19174",1.0,"PTK"
"PLCG1_764_776","IGTAEPDYGALYE","IGTAEPDYGALYE","PLCG1","P19174",1.0,"PTK"
"PLCG1_777_789","GRNPGFYVEANPM","GRNPGFYVEANPM","PLCG1","P19174",1.0,"PTK"
"PLCG2_1191_1203_C1200S","ESEEELYSSSRQL","ESEEELYSSCRQL","PLCG2","P16885",0.91,"PTK"
"PLCG2_1211_1223","NNQLFLYDTHQNL","NNQLFLYDTHQNL","PLCG2","P16885",1.0,"PTK"
"PLEK_106_118","GQKFARKSTRRSI","GQKFARKSTRRSI","PLEK","P08567",1.0,"STK"
"PLM_76_88","EEGTFRSSIRRLS","EEGTFRSSIRRLS","FXYD1","O00168",1.0,"STK"
"PP2AB_297_309","EPHVTRRTPDYFL","EPHVTRRTPDYFL","PPP2CB","P62714",1.0,"PTK"
"PP2AB_297_309","EPHVTRRTPDYFL","EPHVTRRTPDYFL","PPP2CA","P67775",1.0,"PTK"
"PP2AB_297_309","EPHVTRRTPDYFL","EPHVTRRTPDYFL","PPP2CB","P62714",1.0,"STK"
"PP2AB_297_309","EPHVTRRTPDYFL","EPHVTRRTPDYFL","PPP2CA","P67775",1.0,"STK"
"PPR1A_28_40","QIRRRRPTPATLV","QIRRRRPTPATLV","PPP1R1A","Q13522",1.0,"STK"
"PRGR_545_557","LRPDSEASQSPQY","LRPDSEASQSPQY","PGR","P06401",1.0,"PTK"
"PRGR_786_798","EQRMKESSFYSLC","EQRMKESSFYSLC","PGR","P06401",1.0,"PTK"
"PRKDC_2618_2630","TRTQEGSLSARWP","TRTQEGSLSARWP","PRKDC","P78527",1.0,"STK"
"PRRX2_202_214","WTASSPYSTVPPY","WTASSPYSTVPPY","PRRX2","Q99811",1.0,"PTK"
"PTK6_436_448","ALRERLSSFTSYE","ALRERLSSFTSYE","PTK6","Q13882",1.0,"STK"
"PTN11_539_551","SKRKGHEYTNIKY","SKRKGHEYTNIKY","PTPN11","Q06124",1.0,"PTK"
"PTN11_541_551","RKGHEYTNIKY","RKGHEYTNIKY","PTPN11","Q06124",1.0,"PTK"
"PTN11_57_67","QNTGDYYDLYG","QNTGDYYDLYG","PTPN11","Q06124",1.0,"PTK"
"PTN11_580_590","SARVYENVGLM","SARVYENVGLM","PTPN11","Q06124",1.0,"PTK"
"PTN12_32_44","FMRLRRLSTKYRT","FMRLRRLSTKYRT","PTPN12","Q05209",1.0,"STK"
"PTN6_531_541","GQESEYGNITY","GQESEYGNITY","PTPN6","P29350",1.0,"PTK"
"PTN6_558_570","KHKEDVYENLHTK","KHKEDVYENLHTK","PTPN6","P29350",1.0,"PTK"
"PYGL_8_20","QEKRRQISIRGIV","QEKRRQISIRGIV","PYGL","P06737",1.0,"STK"
"RAB1A_187_199","KSNVKIQSTPVKQ","KSNVKIQSTPVKQ","RAB1A","P62820",1.0,"STK"
"RADI_559_569","RDKYKTLRQIR","RDKYKTLRQIR","EZR","P15311",1.0,"STK"
"RADI_559_569","RDKYKTLRQIR","RDKYKTLRQIR","RDX","P35241",1.0,"STK"
"RADI_559_569","RDKYKTLRQIR","RDKYKTLRQIR","MSN","P26038",1.0,"STK"
"RAF1_253_265","QRQRSTSTPNVHM","QRQRSTSTPNVHM","RAF1","P04049",1.0,"STK"
"RAF1_332_344","PRGQRDSSYYWEI","PRGQRDSSYYWEI","RAF1","P04049",1.0,"PTK"
"RAP1B_172_184","PGKARKKSSCQLL","PGKARKKSSCQLL","RAP1BL","A6NIZ1",1.0,"STK"
"RAP1B_172_184","PGKARKKSSCQLL","PGKARKKSSCQLL","RAP1B","P61224",1.0,"STK"
"RASA1_453_465","TVDGKEIYNTIRR","TVDGKEIYNTIRR","RASA1","P20936",1.0,"PTK"
"RB_242_254","AVIPINGSPRTPR","AVIPINGSPRTPR","RB1","P06400",1.0,"STK"
"RB_350_362","SFETQRTPRKSNL","SFETQRTPRKSNL","RB1","P06400",1.0,"STK"
"RB_774_786","TRPPTLSPIPHIP","TRPPTLSPIPHIP","RB1","P06400",1.0,"STK"
"RB_803_815","NIYISPLKSPYKI","NIYISPLKSPYKI","RB1","P06400",1.0,"STK"
"RB_804_816","IYISPLKSPYKIS","IYISPLKSPYKIS","RB1","P06400",1.0,"PTK"
"RBL2_632_644","DEICIAGSPLTPR","DEICIAGSPLTPR","RBL2","Q08999",1.0,"STK"
"RBL2_655_667","GLGRSITSPTTLY","GLGRSITSPTTLY","RBL2","Q08999",1.0,"STK"
"RBL2_959_971","DRTSRDSSPVMRS","DRTSRDSSPVMRS","RBL2","Q08999",1.0,"STK"
"RBL2_99_111","VPTVSKGTVEGNY","VPTVSKGTVEGNY","RBL2","Q08999",1.0,"PTK"
"REL_260_272","KMQLRRPSDQEVS","KMQLRRPSDQEVS","REL","Q04864",1.0,"STK"
"RET_1022_1034","TPSDSLIYDDGLS","TPSDSLIYDDGLS","RET","P07949",1.0,"PTK"
"RET_680_692","AQAFPVSYSSSGA","AQAFPVSYSSSGA","RET","P07949",1.0,"PTK"
"RON_1346_1358","SALLGDHYVQLPA","SALLGDHYVQLPA","MST1R","Q04912",1.0,"PTK"
"RS6_228_240","IAKRRRLSSLRAS","IAKRRRLSSLRAS","RPS6","P62753",1.0,"STK"
"RYR1_4317_4329","VRRLRRLTAREAA","VRRLRRLTAREAA","RYR1","P21817",1.0,"STK"
"SCN7A_898_910","KNGCRRGSSLGQI","KNGCRRGSSLGQI","SCN7A","Q01118",1.0,"STK"
"SHC1_309_321","ELRFKQYLRNPPK","ELRFKQYLRNPPK","SHC1","P29353",1.0,"PTK"
"SRC_413_425","LIEDNEYTARQGA","LIEDNEYTARQGA","YES1","P07947",1.0,"STK"
"SRC_413_425","LIEDNEYTARQGA","LIEDNEYTARQGA","FYN","P06241",1.0,"STK"
"SRC_413_425","LIEDNEYTARQGA","LIEDNEYTARQGA","SRC","P12931",1.0,"STK"
"SRC_413_425","LIEDNEYTARQGA","LIEDNEYTAREGA","LCK","P06239",0.93,"STK"
"SRC_524_536","TSTEPQYQPGENL","TSTEPQYQPGENL","SRC","P12931",1.0,"PTK"
"SRC_524_536","TSTEPQYQPGENL","TATEPQYQPGENL","YES1","P07947",0.94,"PTK"
"SRC_524_536","TSTEPQYQPGENL","TATEPQYQPGENL","FYN","P06241",0.94,"PTK"
"STA5A_687_699","LAKAVDGYVKPQI","LAKAVDGYVKPQI","STAT5A","P42229",1.0,"PTK"
"STA5A_687_699","LAKAVDGYVKPQI","AKAVDGYVKPQI","STAT5B","P51692",0.93,"PTK"
"STAT1_694_706","DGPKGTGYIKTEL","DGPKGTGYIKTEL","STAT1","P42224",1.0,"PTK"
"STAT2_684_696","LQERRKYLKHRLI","LQERRKYLKHRLI","STAT2","P52630",1.0,"PTK"
"STAT3_698_710","DPGSAAPYLKTKF","DPGSAAPYLKTKF","STAT3","P40763",1.0,"PTK"
"STAT4_686_698","TERGDKGYVPSVF","TERGDKGYVPSVF","STAT4","Q14765",1.0,"PTK"
"STAT6_634_646","MGKDGRGYVPATI","MGKDGRGYVPATI","STAT6","P42226",1.0,"PTK"
"STK6_283_295","SSRRTTLCGTLDY","SSRRTTLCGTLDY","AURKA","O14965",1.0,"STK"
"TAU_524_536","GSRSRTPSLPTPP","GSRSRTPSLPTPP","MAPT","P10636",1.0,"STK"
"TIE2_986_998","SRGQEVYVKKTMG","SRGQEVYVKKTMG","TEK","Q02763",1.0,"PTK"
"TIE2_986_998","SRGQEVYVKKTMG","SRGEEVYVKKTMG","TIE1","P35590",0.93,"PTK"
"TLE2_246_258","EPPSPATTPCGKV","EPPSPATTPCGKV","TLE2","Q04725",1.0,"STK"
"TNNT1_2_14","SDTEEQEYEEEQP","SDTEEQEYEEEQP","TNNT1","P13805",1.0,"PTK"
"TOP2A_1463_1475","RRKRKPSTSDDSD","RRKRKPSTSDDSD","TOP2A","P11388",1.0,"STK"
"TY3H_65_77","FIGRRQSLIEDAR","FIGRRQSLIEDAR","TH","P07101",1.0,"STK"
"TYK2_1048_1060","VPEGHEYYRVRED","VPEGHEYYRVRED","TYK2","P29597",1.0,"PTK"
"TYRO3_679_691","KIYSGDYYRQGCA","KIYSGDYYRQGCA","TYRO3","Q06418",1.0,"PTK"
"VASP_150_162","EHIERRVSNAGGP","EHIERRVSNAGGP","VASP","P50552",1.0,"STK"
"VASP_232_244","GAKLRKVSKQEEA","GAKLRKVSKQEEA","VASP","P50552",1.0,"STK"
"VASP_271_283","LARRRKATQVGEK","LARRRKATQVGEK","VASP","P50552",1.0,"STK"
"VGFR1_1040_1052","DFGLARDIYKNPD","DFGLARDIYKNPD","FLT1","P17948",1.0,"PTK"
"VGFR1_1040_1052","DFGLARDIYKNPD","DFGLARDIYKDPD","FLT4","P35916",0.94,"PTK"
"VGFR1_1040_1052","DFGLARDIYKNPD","DFGLARDIYKDPD","KDR","P35968",0.94,"PTK"
"VGFR1_1046_1058_Y1048F","DIFKNPDYVRKGD","DIYKNPDYVRKGD","FLT1","P17948",0.93,"PTK"
"VGFR1_1049_1061","KNPDYVRKGDTRL","KNPDYVRKGDTRL","FLT1","P17948",1.0,"PTK"
"VGFR1_1162_1174","VQQDGKDYIPINA","VQQDGKDYIPINA","FLT1","P17948",1.0,"PTK"
"VGFR1_1206_1218","GSSDDVRYVNAFK","GSSDDVRYVNAFK","FLT1","P17948",1.0,"PTK"
"VGFR1_1235_1247","ATSMFDDYQGDSS","ATSMFDDYQGDSS","FLT1","P17948",1.0,"PTK"
"VGFR2_1046_1058","DFGLARDIYKDPD","DFGLARDIYKDPD","FLT4","P35916",1.0,"PTK"
"VGFR2_1046_1058","DFGLARDIYKDPD","DFGLARDIYKDPD","KDR","P35968",1.0,"PTK"
"VGFR2_1046_1058","DFGLARDIYKDPD","DFGLARDIYKNPD","FLT1","P17948",0.94,"PTK"
"VGFR2_1168_1180","AQQDGKDYIVLPI","AQQDGKDYIVLPI","KDR","P35968",1.0,"PTK"
"VGFR2_1207_1219_C1208S","VSDPKFHYDNTAG","VCDPKFHYDNTAG","KDR","P35968",0.91,"PTK"
"VGFR2_944_956","RFRQGKDYVGAIP","RFRQGKDYVGAIP","KDR","P35968",1.0,"PTK"
"VGFR2_989_1001","EEAPEDLYKDFLT","EEAPEDLYKDFLT","KDR","P35968",1.0,"PTK"
"VGFR3_1061_1073","DIYKDPDYVRKGS","DIYKDPDYVRKGS","FLT4","P35916",1.0,"PTK"
"VGFR3_1061_1073","DIYKDPDYVRKGS","DIYKDPDYVRKG","KDR","P35968",0.94,"PTK"
"VIGLN_289_301","EEKKKKTTTIAVE","EEKKKKTTTIAVE","HDLBP","Q00341",1.0,"STK"
"VINC_815_827","KSFLDSGYRILGA","KSFLDSGYRILGA","VCL","P18206",1.0,"PTK"
"VISTA_260_270","RHPLSYVAQRQ","RHPLSYVAQRQ","VSIR","Q9H7M9",1.0,"PTK"
"VTNC_390_402","NQNSRRPSRATWL","NQNSRRPSRATWL","VTN","P04004",1.0,"STK"
"YAP1_121_133","QHVRAHSSPASLQ","QHVRAHSSPASLQ","YAP1","P46937",1.0,"STK"
"YAP1_121_133","QHVRAHSSPASLQ","QHVRSHSSPASLQ","WWTR1","Q9GZV5",0.94,"STK"
"YES_420_432","LIEDNEYTARQGA","LIEDNEYTARQGA","YES1","P07947",1.0,"PTK"
"YES_420_432","LIEDNEYTARQGA","LIEDNEYTARQGA","FYN","P06241",1.0,"PTK"
"YES_420_432","LIEDNEYTARQGA","LIEDNEYTARQGA","SRC","P12931",1.0,"PTK"
"YES_420_432","LIEDNEYTARQGA","LIEDNEYTAREGA","LCK","P06239",0.93,"PTK"
"ZAP70_313_325","SVYESPYSDPEEL","SVYESPYSDPEEL","ZAP70","P43403",1.0,"PTK"
"ZAP70_485_497","ALGADDSYYTARS","ALGADDSYYTARS","ZAP70","P43403",1.0,"PTK"
"ACM5_494_506","CYALCNRTFRKTF","CYALCNATFKKTF","CHRM4","P08173",0.78,"STK"
"ACM5_498_510","CNRTFRKTFKMLL","CNATFKKTFRHLLL","CHRM4","P08173",0.52,"STK"
"CRK_214_226","GPPEPGPYAQPSV","PEPGPYAQPSV","CRK","P46108",0.86,"PTK"
"GBRB2_427_439","SRLRRRASQLKIT","RIRRRASQLKV","GABRB1","P18505",0.71,"STK"
"IKKB_173_185_C179A","LDQGSLATSFVGT","LDQGSLCTSFVGT","IKBKB","O14920",0.87,"STK"
"KPCB_626_639","AENFDRFFTRHPPV","AENFDKFFTRGQPV","PRKCA","P17252",0.67,"STK"
"MET_1360_1370_C1361S","KSVAPYPSLLS","KCVAPYPSLLS","MET","P08581",0.88,"PTK"
"MK12_180_189_M182B","SEBTGYVVTR","SEMTGYVVTR","MAPK12","P53778",0.78,"PTK"
"MPZL1_235_246_H235K_Q236K","KKGPVIYAQLDH","GPVIYAQLDH","MPZL1","O95297",0.85,"PTK"
"PLCG2_1211_1222_N1211K_N1212K","KKQLFLYDTHQN","QLFLYDTHQN","PLCG2","P16885",0.85,"PTK"
"SRC8_CHICK_423_435","KTPSSPVYQDAVS","PSSPVYEDAAS","CTTN","Q14247",0.68,"STK"
"STMN2_90_102","AAGERRKSQEAQV","AAEERRKSQEAQV","STMN2","Q93045",0.89,"STK"
"TEC_512_524","RYFLDDQYTSSSG","RYVLDDQYTSSSG","TEC","P42680",0.83,"PTK"
"VGFR1_1320_1332_C1320K/C1321K","KKSPPPDYNSVVL","SPPPDYNSVVL","FLT1","P17948",0.86,"PTK"
"ART_003_EAI(pY)AAPFAKKKXC","EAI(pY)AAPFAKKK","NA","NA","NA",,"PTK"
"ART_004_EAIYAAPFAKKKXC","EAIYAAPFAKKK","NA","NA","NA",,"PTK"
"EFS_246_258_Y253F","GGTDEGIFDVPLL","NA","NA","NA",,"PTK"
"pTY3H_64_78","RFIGRRQ(pS)LIEDARK","NA","NA","NA",,"STK"
"KPCB_19_31_A25S","RFARKGSLRQKNV","NA","NA","NA",,"STK"
"E1A_ADE05_212_224","AILRRPTSPVSRE","NA","NA","NA",,"STK"
"pVASP_150_164","EHIERRV(pS)NAGGPPA","NA","NA","NA",,"STK"
"AMPE_5_17","EREGSKRYCIQTK","EREGSKRYCIQTK","AMPE","Q07075",1.0,"PTK"
"STAT4_714_726","PSDLLPMSPSVYA","PSDLLPMSPSVYA","STAT4","Q14765",1.0,"PTK"
"ZBT16_621_633","LRTHNGASPYQCT","LRTHNGASPYQCT","ZBT16","Q05516",1.0,"PTK"
"ACM1_421_433","CNKAFRDTFRLLL","CNKAFRDTFRLLL","ACM1","P11229",1.0,"STK"
"DCX_49_61","HFDERDKTSRNMR","HFDERDKTSRNMR","DCX","O43602",1.0,"STK"
"NTRK3_824_836","LHALGKATPIYLD","LHALGKATPIYLD","NTRK3","Q16288",1.0,"STK"
"CA2D1_494_506","LEDIKRLTPRFTL","LEDIKRLTPRFTL","CA2D1","P54289",1.0,"STK"
"ART_025_CXGLRRWSLGGLRRWSL","GLRRWSLGGLRRWSL","LRRWSLEALNR","RABL3","Q5HYI8",0.45,"STK"
"PDCD1_221_229_FS219_220KK","KKVDYGELDFQ","VDYGELDFQ","PDCD1","Q15116",0.84,"PTK"
